Report,https://app.powerbi.com/groups/x/reports/y/aaaaaaaaaaaaaaaaaaaa?experience=power-bi
Tested,2026-10-07 01:30:25
Runs per page,1
Page load,slowest visual query on the page (queries run in parallel)

#,Page,Page ID,Hidden,Page load - 1st run (s),Page load - avg of runs (s),Queries,Run 1 load (s),Status,Note
1,Benefit affordability,aaaaaaaaaaaaaaaaaaaa,No,0.9,0.9,3,0.9,ok,1 query request(s) failed/cancelled
2,DC,bbbbbbbbbbbbbbbbbbbb,No,1.2,1.2,2,1.2,ok,
3,Info,cccccccccccccccccccc,Yes,,,0,,no-queries,no visual queries on this page
4,Drillthrough detail,dddddddddddddddddddd,Yes,0.2,0.2,1,0.2,redirected,Power BI opened a different page instead (hidden/drillthrough pages may not open directly)
